{"cameraMode":{"drawMode":0,"name":"Shaded","section":"Shading Mode"},"sceneLighting":true,"audioPlay":false,"sceneViewState":{"m_AlwaysRefresh":false,"showFog":true,"showSkybox":false,"showFlares":true,"showImageEffects":true,"showParticleSystems":true,"showVisualEffectGraphs":true,"m_FxEnabled":true},"in2DMode":false,"pivot":{"x":-0.08500003814697266,"y":12.593400001525879,"z":0.059999942779541019},"rotation":{"x":0.5192579030990601,"y":0.006924342829734087,"z":-0.004207289777696133,"w":0.8545836806297302},"size":28.50227928161621,"orthographic":false}